,187174,187348,187354,187372 &7,187532,187556,187678,188242,188282,188702,188827,189229,189910,190037,pheno,
by-1-a3-1-7,2,2,2,2,2,2,2,2,2,2,2,2,2,2,38.20381183,
by-2-b3-2-9,2,2,2,2,2,2,2,2,2,2,2,2,2,2,36.13681588,
by-3-b3-1-10,2,2,2,2,2,2,2,2,2,2,2,2,2,2,37.37202094,
by-1-b3-1-13,2,2,2,2,2,2,2,2,2,2,2,2,2,2,37.63904173,
by-2-b3-2-6,2,2,2,2,2,2,2,2,2,2,2,2,1,1,38.9015291,
by-3-a3-1-7,2,2,2,2,2,2,2,1,1,2,2,2,2,2,40.0127762,
by-3-b3-2-2,2,2,2,2,2,2,2,2,2,2,2,1,1,1,39.65895049,
by-3-a3-1-10,2,2,2,2,2,2,2,2,2,2,2,1,1,1,39.07303153,
by-3-a3-213,1,1,1,1,1,1,1,2,1,2,2,2,2,2,37.07264,
by-2-b3-1-2,2,2,2,2,2,2,2,2,2,1,1,1,1,1,33.10005706,
by-3-a3-1-5,2,2,2,2,2,2,2,2,2,1,1,1,1,1,32.09820255,
by-2-b3-1-7,2,2,2,2,2,2,2,2,2,1,1,1,1,1,33.19167493,
by-1-a3-2-12,2,2,2,2,2,2,2,2,2,1,1,1,1,1,33.8499437,
by-3-b3-1-8,2,2,2,2,2,2,2,2,1,1,1,1,1,1,32.35276707,
by-2-b3-2-8,2,2,2,2,2,2,2,2,1,1,1,1,1,1,33.1096,
by-1-b3-2-4,2,2,2,2,2,2,2,1,1,1,1,1,1,1,31.96315108,
by-1-b3-2-7,2,2,2,2,2,2,2,1,1,1,1,1,1,1,33.44867435,
by-2-b3-1-9,2,2,2,2,2,2,2,1,1,1,1,1,1,1,33.02592445,
by-3-b3-2-9,2,2,2,2,2,2,2,1,1,1,1,1,1,1,39.74033129,
by-1-b3-1-15,2,2,2,2,2,2,2,1,1,1,1,1,1,1,33.78328615,
by-3-b3-2-15,2,2,2,2,2,2,2,1,1,1,1,1,1,1,33.4661076,
by-3-b3-1-15,2,2,2,2,2,2,1,1,1,1,1,1,1,1,34.37512423,
by-3-b3-2-7,2,2,2,2,1,1,1,1,1,1,1,1,1,1,32.3877524,
by-2-b3-2-16,2,2,2,2,1,1,1,1,1,1,1,1,1,1,31.73246144,
by-3-b3-2-11,2,2,2,1,1,1,1,1,1,1,1,1,1,1,30.94606785,
by-1-a3-1-16,2,2,2,1,1,1,1,1,1,1,1,1,1,1,32.93190603,
rm-1-g8-3-5,1,1,1,1,1,1,1,1,1,1,1,1,2,2,32.5362,
rm-1-g8-2-3,1,1,1,1,1,1,1,1,1,1,1,1,1,1,33.95798404,
rm-3-g8-4-16,1,1,1,1,1,1,1,1,1,1,1,1,1,1,32.84847875,
rm-1-g8-2-12,1,1,1,1,1,1,1,1,1,1,1,1,1,1,33.81769,
rm-1-g8-3-2,0,1,1,1,1,1,1,1,1,1,1,1,1,1,33.37886999,
rm-1-g8-3-13,0,1,1,1,1,1,1,1,1,1,1,1,1,1,33.57156728,
rm-2-g8-2-14,0,0,0,1,1,1,1,1,1,1,1,1,1,1,33.56145,
rm-3-g8-2-9,0,0,0,0,1,1,1,1,1,1,1,1,1,1,33.7914795,
rm-3-g8-2-13,0,0,0,0,1,1,1,1,1,1,1,1,1,1,34.86856327,
rm-3-g8-4-13,0,0,0,0,1,1,1,1,1,1,1,1,1,1,33.05254827,
rm-3-g8-3-9,0,0,0,0,1,1,1,1,1,1,1,1,1,1,33.68605459,
rm-3-g8-4-10,0,0,0,0,1,0,1,1,1,1,1,1,1,1,33.65474,
rm-1-g8-3-10,0,0,0,0,0,0,1,1,1,1,1,1,1,1,32.06988432,
rm-1-g8-4-14,0,0,0,0,0,0,1,1,1,1,1,1,1,1,32.6134696,
rm-3-g8-2-6,0,0,0,0,0,0,0,1,1,1,1,1,1,1,33.69907057,
rm-2-g8-2-9,0,0,0,0,0,0,0,0,1,1,1,1,1,1,32.76956256,
rm-3-g8-2-3,0,0,0,0,0,0,0,0,0,1,1,1,1,1,31.70334136,
rm-2-g8-2-6,0,0,0,0,0,0,0,0,0,1,1,1,1,1,34.30928163,
rm-3-g8-1-10,0,0,0,0,0,0,0,0,0,1,1,1,1,1,36.50887527,
rm-3-g8-1-14,0,0,0,0,0,0,0,0,0,1,1,1,1,1,32.79380436,
rm-1-g8-1-4,0,0,0,0,0,0,0,0,0,1,1,1,1,1,32.86811,
rm-1-g8-1-12,0,0,0,0,0,0,0,0,0,0,1,1,1,1,31.57913819,
rm-3-g8-1-4,0,0,0,0,0,0,0,0,0,0,0,1,1,1,25.17661177,
rm-1-g8-4-13,0,0,0,0,0,0,0,0,0,0,0,1,1,1,27.90525428,
rm-3-g8-4-1,0,0,0,0,0,0,0,0,0,0,0,1,1,1,26.83364,
rm-3-g8-4-11,0,0,0,0,0,0,0,0,0,0,0,0,1,1,25.39617696,
rm-2-g8-3-1,0,0,0,0,0,0,0,0,0,0,0,0,1,1,25.41666806,
rm-3-g8-1-2,0,0,0,0,0,0,0,0,0,0,0,0,1,1,28.69571801,
rm-2-g8-2-3,0,0,0,0,0,0,0,0,0,0,0,0,1,1,27.06034565,
rm-1-g8-2-9,0,0,0,0,0,0,0,0,0,0,0,0,1,1,26.34235131,
rm-2-g8-2-10,0,0,0,0,0,0,0,0,0,0,0,1,0,1,26.42847754,
rm-3-g8-3-16,0,0,0,0,0,0,0,0,0,0,0,0,1,1,25.83174599,
rm-2-g8-2-1,0,0,0,0,0,0,0,0,0,0,0,0,0,0,26.0877278,
